학교명,위도,경도,설립형태,소재지도로명주소
범박고등학교,37.46768281,126.811738,공립,경기도 부천시 소사구 범박로 27-1
선정국제관광고등학교,37.61870451,126.9090316,사립,서울특별시 은평구 서오릉로20길 19
화성반월고등학교,37.224712,127.0550943,공립,경기도 화성시 효행로 1281-66
계남고등학교,37.49619693,126.7726105,공립,경기도 부천시 원미구 부흥로 261
김포외국어고등학교,37.7012131,126.567517,사립,경기도 김포시 월곶면 김포대로 2537
청심국제고등학교,37.6870224,127.5405562,사립,경기도 가평군 설악면 미사리로 324-213
서울의료보건고등학교,37.55729809,126.966773,사립,서울특별시 중구 만리재로37길 30
하성고등학교,37.71800637,126.628412,공립,경기도 김포시 하성면 애기봉로806번길 30
한서고등학교,37.5747927,126.8081439,사립,서울특별시 강서구 양천로11길 47
안양공업고등학교,37.39956392,126.914329,공립,경기도 안양시 만안구 양화로28번길 69
명지고등학교,37.58491135,126.9270902,사립,서울특별시 서대문구 명지2길 56
덕정고등학교,37.83754226,127.071727,공립,경기도 양주시 화합로 1488
상일미디어고등학교,37.54858748,127.1708235,사립,서울특별시 강동구 천호대로219길 61
숙명여자고등학교,37.49147536,127.0526126,사립,서울특별시 강남구 남부순환로 2807
명덕고등학교,37.553907,126.8342915,사립,서울특별시 강서구 강서로47길 34-10
선일빅데이터고등학교,37.620337,126.9119931,사립,서울특별시 은평구 갈현로29길 27
계성고등학교,37.6074936,127.0201836,사립,서울특별시 성북구 길음로 63
신진과학기술고등학교,37.59871385,126.9188364,사립,서울특별시 은평구 은평로6길 16
동두천중앙고등학교,37.89165104,127.0581024,공립,경기도 동두천시 평화로 2280
이화여자대학교병설미디어고등학교,37.6031324,127.1053324,사립,서울특별시 중랑구 망우로73길 56
서울금융고등학교,37.5376165,126.8256209,공립,서울특별시 양천구 가로공원로61길 19
세현고등학교,37.56043066,126.8636211,공립,서울특별시 강서구 허준로 227
경기예술고등학교,37.50575359,126.761362,공립,경기도 부천시 원미구 석천로209번길 37
성덕고등학교,37.54996367,127.1419039,사립,서울특별시 강동구 구천면로 396
광양고등학교,37.52937892,127.0851823,공립,서울특별시 광진구 자양로3가길 31
동탄중앙고등학교,37.20125793,127.110424,공립,경기도 화성시 동탄대로시범길 167
율면고등학교,37.08769127,127.5425144,공립,경기도 이천시 율면 고당로 48
군자디지털과학고등학교,37.35053779,126.7860428,공립,경기도 시흥시 군자로487번길 54
대일관광고등학교,37.51141377,126.8349067,사립,서울특별시 양천구 신정이펜1로 11
둔촌고등학교,37.53143258,127.1438087,공립,서울특별시 강동구 명일로 140
광문고등학교,37.56046181,127.1585463,사립,서울특별시 강동구 동남로 968
성수고등학교,37.54734181,127.0382534,공립,서울특별시 성동구 서울숲길 18
일동고등학교,37.96063289,127.3144197,공립,경기도 포천시 일동면 화동로1079번길 28
향동고등학교,37.59643105,126.893446,공립,경기도 고양시 덕양구 향기3로 6
부흥고등학교,37.39330664,126.9446222,공립,경기도 안양시 동안구 달안로 15
용인삼계고등학교,37.29465951,127.2406099,공립,경기도 용인시 처인구 포곡읍 백옥대로1898번길 34-42
노원고등학교,37.66180319,127.0540195,공립,서울특별시 노원구 노원로 586
용산철도고등학교,37.524303,126.9673581,공립,서울특별시 용산구 서빙고로 24
이현고등학교,37.28562125,127.457756,공립,경기도 이천시 증신로 88
부천공업고등학교,37.48141243,126.7667974,공립,경기도 부천시 소사구 경인로120번길 82
풍문고등학교,37.47133617,127.0999634,사립,서울특별시 강남구 자곡로 152
금호고등학교,37.5536215,127.0234338,공립,서울특별시 성동구 금호로 118
서울도시과학기술고등학교,37.607309,127.0337159,공립,서울특별시 성북구 하월곡동 종암로 196
염광고등학교,37.63028445,127.0492646,사립,서울특별시 노원구 월계로45가길 9
통진고등학교,37.68585311,126.6021476,사립,경기도 김포시 통진읍 김포대로 2165
이천제일고등학교,37.27825888,127.4613952,공립,경기도 이천시 애련정로 26
안법고등학교,37.01333556,127.273268,사립,경기도 안성시 명륜길 66
한백고등학교,37.20763155,127.1133605,공립,경기도 화성시 동탄순환대로26길 21
경기국제통상고등학교,37.50046935,126.7608615,공립,경기도 부천시 원미구 석천로 141
효양고등학교,37.26529772,127.4796168,공립,경기도 이천시 부발읍 대산로545번길 55
김포제일고등학교,37.65315497,126.677731,공립,경기도 김포시 김포한강11로 242
동국대학교사범대학부속여자고등학교,37.54192936,127.086973,사립,서울특별시 광진구 광나루로36길 47
이천양정여자고등학교,37.2846442,127.436821,사립,경기도 이천시 영창로 119
상일여자고등학교,37.54858748,127.1708235,사립,서울특별시 강동구 천호대로219길 61
다산고등학교,37.29104059,127.4288967,사립,경기도 이천시 경충대로 2856
한봄고등학교,37.25945904,126.9693453,사립,경기도 수원시 권선구 호매실로 46-93
상계고등학교,37.65272468,127.0554534,공립,서울특별시 노원구 노해로 432
상일고등학교,37.49818386,126.7437111,공립,경기도 부천시 원미구 부흥로 13
한영고등학교,37.549132,127.1577731,사립,서울특별시 강동구 동남로 832
한광고등학교,37.53884371,126.857922,사립,서울특별시 강서구 등촌로13길 110
경기상업고등학교,37.58925853,126.9700571,공립,서울특별시 종로구 자하문로 136
대신고등학교,37.36353482,127.6081153,사립,경기도 여주시 대신면 여양로 1196
태전고등학교,37.385998,127.2327654,공립,경기도 광주시 태전동로 38
소사고등학교,37.46496623,126.8001855,공립,경기도 부천시 소사구 소사로78번길 22
풍무고등학교,37.60345824,126.719225,공립,경기도 김포시 풍무로93번길 53
예일디자인고등학교,37.6109459,126.9147928,사립,서울특별시 은평구 연서로 117
상록고등학교,37.298894,126.874685,공립,경기도 안산시 상록구 반석로4길 34
운양고등학교,37.64514407,126.6896798,공립,경기도 김포시 김포한강11로 58
하남고등학교,37.5603837,127.1856182,사립,경기도 하남시 미사강변남로 39
창의고등학교,37.18003972,127.120726,공립,경기도 화성시 동탄신리천로1길 66
평촌고등학교,37.3865366,126.954746,공립,경기도 안양시 동안구 동안로 80
고양동산고등학교,37.64465312,126.887603,공립,경기도 고양시 덕양구 동세로 20
신일비즈니스고등학교,37.683058,126.7621788,공립,경기도 고양시 일산서구 킨텍스로 452
백마고등학교,37.65198233,126.7940121,공립,경기도 고양시 일산동구 백석로 155
여강고등학교,37.32944528,127.6834973,사립,경기도 여주시 북내면 여강로 337-8
국립전통예술고등학교,37.44637069,126.906487,국립,서울특별시 금천구 시흥대로38길 62
한솔고등학교,37.36677616,127.1156884,공립,경기도 성남시 분당구 내정로 70
강일고등학교,37.5638281,127.1779035,공립,서울특별시 강동구 아리수로98길 40
양명여자고등학교,37.40697627,126.9221725,사립,경기도 안양시 만안구 경수대로1001번길 150
서해고등학교,37.36059293,126.7239075,공립,경기도 시흥시 정왕신길로 13
상동고등학교,37.49062565,126.7450659,공립,경기도 부천시 원미구 상이로 22
수도여자고등학교,37.49280146,126.9149071,공립,서울특별시 동작구 여의대방로10길 73
선부고등학교,37.34138815,126.7939234,공립,경기도 안산시 단원구 지곡로 138
서울인공지능고등학교,37.491753,127.1423309,공립,서울특별시 송파구 양산로 21
설악고등학교,37.6819367,127.493938,공립,경기도 가평군 설악면 한양부로 21-1
경성고등학교,37.56351064,126.9191663,사립,서울특별시 마포구 성미산로 111
신일고등학교,37.62796722,127.0284031,사립,서울특별시 강북구 솔매로49길 20
경일고등학교,37.54382982,127.0478683,공립,서울특별시 성동구 성수일로 27
판곡고등학교,37.66291081,127.2428606,공립,경기도 남양주시 늘을1로 127
평촌과학기술고등학교,37.37360398,126.9626142,공립,경기도 안양시 동안구 갈산로 16
미사강변고등학교,37.5777571,127.1837309,공립,경기도 하남시 미사강변한강로 75
경기경영고등학교,37.4750207,126.7730512,사립,경기도 부천시 소사구 심곡로 100
성남고등학교,37.43400578,127.1471688,공립,경기도 성남시 중원구 시민로 61
곡정고등학교,37.24384332,127.0201503,공립,경기도 수원시 권선구 덕영대로 1190번길 130
정현고등학교,37.17352234,127.1114038,공립,경기도 화성시 동탄산척로 93-10
수원칠보고등학교,37.27513582,126.944923,공립,경기도 수원시 권선구 금곡로 127
신도림고등학교,37.51406292,126.8820838,공립,서울특별시 구로구 경인로67길 159
여주제일고등학교,37.20683812,127.5545644,사립,경기도 여주시 가남읍 여주남로 1155-11
자운고등학교,37.659021,127.050676,공립,서울특별시 도봉구 노해로69길 150
이포고등학교,37.376319,127.5168304,공립,경기도 여주시 흥천면 이여로 1075
새솔고등학교,37.27338862,126.8293429,공립,경기도 화성시 큰나래3길 25
홍익디자인고등학교,37.2167924,126.9796299,사립,경기도 화성시 효행로 387
고양예술고등학교,37.69741041,126.742303,사립,경기도 고양시 일산서구 덕이로172번길 4-39
장훈고등학교,37.51334559,126.9162286,사립,서울특별시 영등포구 영등포로64길 26
마장고등학교,37.25812644,127.3512887,공립,경기도 이천시 마장면 마도로 23
이화여자외국어고등학교,37.56557732,126.9696417,사립,서울특별시 중구 통일로4길 30
옥빛고등학교,37.81455085,127.091777,공립,경기도 양주시 옥정로4길 12
광명북고등학교,37.487906,126.8679386,공립,경기도 광명시 시청로 127
송림고등학교,37.39191272,127.1318098,사립,경기도 성남시 분당구 이매로 100
분당고등학교,37.37563295,127.1160677,공립,경기도 성남시 분당구 내정로165번길 31
청원여자고등학교,37.66525155,127.0625329,사립,서울특별시 노원구 한글비석로 506
중흥고등학교,37.5086048,126.7686513,공립,경기도 부천시 원미구 계남로 171
가운고등학교,37.59944721,127.160699,공립,경기도 남양주시 가운로2길 115
선일여자고등학교,37.62030421,126.9119931,사립,서울특별시 은평구 갈현로29길 27
도당고등학교,37.51862256,126.7909608,공립,경기도 부천시 원미구 삼작로256번길 53-3
이천고등학교,37.28795195,127.4476087,공립,경기도 이천시 아리역로16번길 1
면목고등학교,37.58466341,127.0972706,공립,서울특별시 중랑구 용마산로72길 36-14
경기항공고등학교,37.47331347,126.8570351,사립,경기도 광명시 새터안로 20
부명고등학교,37.49912254,126.7612672,공립,경기도 부천시 원미구 석천로 127
신광여자고등학교,37.54289988,126.9694475,사립,서울특별시 용산구 청파로 263
이산고등학교,37.190969,127.0872534,공립,경기도 화성시 동탄기흥로353번길 61
남양주다산고등학교,37.62557654,127.1586637,공립,경기도 남양주시 다산중앙로146번길 50
양곡고등학교,37.65963944,126.625147,사립,경기도 김포시 양촌읍 양곡4로 138
서울여자고등학교,37.5477805,126.94907,공립,서울특별시 마포구 백범로25길 34
조종고등학교,37.81435909,127.3466138,공립,경기도 가평군 조종면 연등윗길 22
안양문화고등학교,37.39571621,126.9090332,사립,경기도 안양시 만안구 양화로37번길 36
한국도예고등학교,37.28889092,127.3993265,공립,경기도 이천시 신둔면 둔터로 61
동북고등학교,37.52024061,127.1394507,사립,서울특별시 강동구 강동대로 305
용문고등학교,37.58869033,127.0246608,사립,서울특별시 성북구 고려대로17가길 46
염광여자메디텍고등학교,37.63028445,127.0492646,사립,서울특별시 노원구 월계로45가길 9
송현고등학교,37.74392075,127.0908317,공립,경기도 의정부시 용민로 159
원종고등학교,37.52849582,126.8004974,공립,경기도 부천시 오정구 소사로 807번길 68
동안고등학교,37.39035669,126.9661064,공립,경기도 안양시 동안구 부림로 71
시온고등학교,37.47148659,126.8051061,사립,경기도 부천시 소사구 은성로 172-20
안성고등학교,37.014032,127.271354,공립,경기도 안성시 금산길 57
공항고등학교,37.57046109,126.8185198,공립,서울특별시 강서구 방화대로34길 43
매홀고등학교,37.16945751,127.0688500329,공립,경기도 오산시 내삼미로80번길 9-10
문산수억고등학교,37.85202703,126.802583,사립,경기도 파주시 파주읍 우계로 357
여의도여자고등학교,37.52288764,126.9350871,공립,서울특별시 영등포구 국제금융로7가길 13
여주고등학교,37.27109289,127.6363531,사립,경기도 여주시 세종로 254-58
과천고등학교,37.43085587,126.9970303,공립,경기도 과천시 꿈보람길 26
위례고등학교,37.476875,127.1508833,공립,경기도 하남시 위례순환로 323
풍생고등학교,37.43504295,127.1314147,사립,경기도 성남시 수정구 산성대로 111
장호원고등학교,37.12706988,127.6176305,공립,경기도 이천시 장호원읍 샘재로 27-37
포천일고등학교,37.89474961,127.2052309,공립,경기도 포천시 군내면 청군로 3426
신서고등학교,37.52391432,126.8602096,공립,서울특별시 양천구 은행정로 42
죽산고등학교,37.08202849,127.4248873,공립,경기도 안성시 죽산면 죽산향교길 52-9
태릉고등학교,37.61916383,127.0855576,공립,서울특별시 중랑구 신내로23길 36
부천고등학교,37.47991398,126.7663039,공립,경기도 부천시 소사구 경인로92번길 70
구현고등학교,37.502203,126.874446,공립,서울특별시 구로구 경인로53가길 17
명일여자고등학교,37.54977633,127.1495815,공립,서울특별시 강동구 명일로 350
소래고등학교,37.43782613,126.794886,공립,경기도 시흥시 수인로3287번길 26
솔샘고등학교,37.62366717,127.012135,공립,서울특별시 강북구 인수봉로 39
하길고등학교,37.1118639,126.9105458,공립,경기도 화성시 향남읍 상신하길로274번길 22
혜성여자고등학교,37.64055021,127.0736197,사립,서울특별시 노원구 노원로16길 2
서울전자고등학교,37.46972182,126.988328,공립,서울특별시 서초구 과천대로 852-23
송곡여자고등학교,37.60668904,127.1051455,사립,서울특별시 중랑구 양원역로 67
파주고등학교,37.85922282,126.7806655,사립,경기도 파주시 문산읍 독산로31번길 39
대진여자고등학교,37.646174,127.0671966,사립,서울특별시 노원구 공릉로 438
도선고등학교,37.56684395,127.0269957,공립,서울특별시 성동구 마장로 156
중원고등학교,37.51156679,126.7622256,공립,경기도 부천시 원미구 도약로 111
부천여자고등학교,37.48987335,126.7617479,공립,경기도 부천시 원미구 석천로16번길 37
영동일고등학교,37.510034,127.089867,사립,서울특별시 송파구 석촌호수로 93
중앙고등학교,37.58378822,126.9874726,사립,서울특별시 종로구 창덕궁길 164
신도고등학교,37.62913251,126.9187486,공립,서울특별시 은평구 통일로 961
잠일고등학교,37.514521,127.0825552,공립,서울특별시 송파구 백제고분로 21
홍익대학교사범대학부속여자고등학교,37.55964474,126.9132084,사립,서울특별시 마포구 성미산로 51
은평메디텍고등학교,37.63534652,126.9297048,사립,서울특별시 은평구 진관2로 57-57
서초고등학교,37.48961169,127.0053783,공립,서울특별시 서초구 반포대로27길 29
서울디지텍고등학교,37.53896942,126.990612,사립,서울특별시 용산구 회나무로12길 27
마송고등학교,37.68722438,126.5936896,공립,경기도 김포시 통진읍 마송1로 155
수락고등학교,37.682932,127.053571,공립,서울특별시 노원구 동일로245길 143
서울항공비즈니스고등학교,37.56921778,126.8170408,사립,서울특별시 강서구 방화대로34길 13
송내고등학교,37.48678546,126.7453518,공립,경기도 부천시 소사구 서촌로20번길 13
세그루패션디자인고등학교,37.65634868,127.0268766,사립,서울특별시 도봉구 시루봉로 53
심원고등학교,37.50469091,126.7791341,공립,경기도 부천시 원미구 계남로 284
이천세무고등학교,37.13607492,127.5188855,공립,경기도 이천시 설성면 설성로15번길 26
백송고등학교,37.69741041,126.742303,사립,경기도 고양시 일산서구 덕이로 172번길 4-39
소명여자고등학교,37.48782298,126.7913100326,사립,경기도 부천시 원미구 부일로 571번길 84
삼성고등학교,37.46913998,126.943644,공립,서울특별시 관악구 신림로 41
정명고등학교,37.4750207,126.7730512,사립,경기도 부천시 소사구 심곡로 100
상원고등학교,37.49839693,126.752333,공립,경기도 부천시 원미구 상동로 10
혜화여자고등학교,37.63130842,127.013212,공립,서울특별시 강북구 인수봉로 127
군서고등학교,37.34918175,126.7425022,공립,경기도 시흥시 군서마을로 100
점동고등학교,37.20577103,127.6639193,공립,경기도 여주시 점동면 청안로 152
선사고등학교,37.55631588,127.1357756,공립,서울특별시 강동구 고덕로25길 17
원미고등학교,37.4982099,126.782733,공립,경기도 부천시 원미구 옥산로 48
장기고등학교,37.64014174,126.6682283,공립,경기도 김포시 김포한강2로 131
화정고등학교,37.63621861,126.8275231,공립,경기도 고양시 덕양구 화정로 17
문현고등학교,37.48131355,127.1287623,공립,서울특별시 송파구 충민로 115
수원고등학교,37.26713365,127.0174147,사립,경기도 수원시 팔달구 정조로 666-10
양정고등학교,37.53539226,126.8877343,사립,서울특별시 양천구 안양천로 1039
신현고등학교,37.60524904,127.0929499,공립,서울특별시 중랑구 봉화산로 174
동일여자고등학교,37.45193626,126.9158199,사립,서울특별시 금천구 탑골로10길 45
보성여자고등학교,37.54308154,126.9842842,사립,서울특별시 용산구 신흥로3가길 66
한겨레고등학교,37.03064101,127.4226896,사립,경기도 안성시 죽산면 칠장로 107-9
영등포여자고등학교,37.51538845,126.9153563,공립,서울특별시 영등포구 영등포로62길 13
경기기계공업고등학교,37.63224005,127.0749285,공립,서울특별시 노원구 공릉로 264
김포제일공업고등학교,37.620733,126.7107549,공립,경기도 김포시 봉화로 69
퇴계원고등학교,37.660394,127.1450751,공립,경기도 남양주시 퇴계원면 퇴계원로 149
환일고등학교,37.55360652,126.9628021,사립,서울특별시 중구 환일길 47
심학고등학교,37.71335038,126.7222713,공립,경기도 파주시 운정중앙로 21
장곡고등학교,37.38022615,126.7821136,공립,경기도 시흥시 장곡로70번길 8
서울아이티고등학교,37.64241844,127.0624493,사립,서울특별시 노원구 섬밭로 299
장충고등학교,37.5535149,127.006415,사립,서울특별시 중구 동호로15길 93
백암고등학교,37.51219626,126.844377,사립,서울특별시 양천구 신정로13길 16
부천북고등학교,37.518451,126.789034,공립,경기도 부천시 원미구 삼작로256번길 40
세종과학고등학교,37.4975694,126.8273517,공립,서울특별시 구로구 오리로21길 79
불암고등학교,37.64915853,127.0803058,공립,서울특별시 노원구 중계로 155
세경고등학교,37.83131463,126.8299018,사립,경기도 파주시 파주읍 술이홀로 379
광남고등학교,37.54151472,127.1012139,공립,서울특별시 광진구 아차산로70길 17-16
서천고등학교,37.23410552,127.069476,공립,경기도 용인시 기흥구 서천서로 126
송곡관광고등학교,37.60668904,127.1051455,사립,서울특별시 중랑구 양원역로 67
여주자영농업고등학교,37.295901,127.621893,공립,경기도 여주시 능서면 농도원1길 78-1
서울매그넷고등학교,37.45193626,126.9158199,사립,서울특별시 금천구 탑골로10길 45
고림고등학교,37.24717747,127.2195504,공립,경기도 용인시 처인구 고림로165
구암고등학교,37.49244195,126.949625,공립,서울특별시 관악구 성현로 57
청평고등학교,37.73148416,127.4150054,공립,경기도 가평군 청평면 강변나루로40번길 23
상문고등학교,37.47975543,127.0039168,사립,서울특별시 서초구 명달로 45
화곡보건경영고등학교,37.5484056,126.8326573,사립,서울특별시 강서구 강서로45길 70
대원여자고등학교,37.562496,127.089405,사립,서울특별시 광진구 용마산로22길 26
송호고등학교,37.31050267,126.8452044,공립,경기도 안산시 상록구 광덕3로 296
사우고등학교,37.619238,126.7234700022,공립,경기도 김포시 김포대로 824
수주고등학교,37.5324198,126.815192,공립,경기도 부천시 오정구 역곡로 531
선린인터넷고등학교,37.54296872,126.9649361,공립,서울특별시 용산구 원효로97길 33-4
삼각산고등학교,37.61628573,127.020133,공립,서울특별시 강북구 삼양로19길 40
영등포고등학교,37.5080846,126.9331435,공립,서울특별시 동작구 등용로8길 5
성남여자고등학교,37.43615488,127.144609,공립,경기도 성남시 중원구 원터로94번길 6
경복고등학교,37.58594567,126.9715109,공립,서울특별시 종로구 자하문로28가길 9
청덕고등학교,37.29233368,127.143917,공립,경기도 용인시 기흥구 구성1로 21
양지고등학교,37.30918755,126.8220847,공립,경기도 안산시 단원구 화정천동로 50
판교고등학교,37.40514882,127.114773,공립,경기도 성남시 분당구 동판교로 257
송양고등학교,37.75310988,127.1065649,공립,경기도 의정부시 송양로 6
성보고등학교,37.48072837,126.9209573,사립,서울특별시 관악구 남부순환로156길 39
발안바이오과학고등학교,37.13293438,126.9170045,공립,경기도 화성시 향남읍 발안로 71
경일관광경영고등학교,37.34794915,126.8049706,사립,경기도 안산시 단원구 석수로 131
잠실고등학교,37.52293043,127.106515,공립,서울특별시 송파구 올림픽로33길 71
창덕여자고등학교,37.51624351,127.1402736,공립,서울특별시 송파구 양재대로 1240
효성고등학교,37.4502211,127.1040748,사립,경기도 성남시 수정구 심곡로 16
서울방송고등학교,37.54777448,127.0110374,공립,서울특별시 성동구 동호로5길 131
한빛고등학교,37.7134805,126.7548886,공립,경기도 파주시 한빛로 36
동우여자고등학교,37.31981901,126.9824035,사립,경기도 수원시 장안구 장안로 426-1
미래산업과학고등학교,37.65877948,127.0784407,사립,서울특별시 노원구 덕릉로82길 54
금천고등학교,37.444807,126.9049018,공립,서울특별시 금천구 시흥대로38길 26
창동고등학교,37.65103577,127.0388191,공립,서울특별시 도봉구 노해로62길 7
경복여자고등학교,37.55782183,126.8505957,사립,서울특별시 강서구 화곡로63길 40
선정고등학교,37.61870451,126.9090316,사립,서울특별시 은평구 서오릉로20길 19
성심여자고등학교,37.53420937,126.9545934,사립,서울특별시 용산구 원효로19길 49
경안고등학교,37.32519093,126.8349272,사립,경기도 안산시 단원구 당곡로 93
서울신정고등학교,37.53838143,126.8570622,사립,서울특별시 강서구 등촌로13아길 20
처인고등학교,37.15100139,127.170645,공립,경기도 용인시 처인구 남사읍 한숲로 32
중경고등학교,37.5176804,126.9756383,공립,서울특별시 용산구 이촌로84길 34
인창고등학교,37.56488513,126.9640232,사립,서울특별시 서대문구 경기대로 65
운산고등학교,37.45431392,126.8833501,공립,경기도 광명시 한내일로 17
모락고등학교,37.369971,126.9670058,공립,경기도 의왕시 모락로 134
예림디자인고등학교,37.50035507,126.827683,사립,서울특별시 구로구 오리로21길 2
미림여자고등학교,37.4661018,126.9319279,사립,서울특별시 관악구 호암로 546
서울예술고등학교,37.60575682,126.9678907,사립,서울특별시 종로구 평창문화로 70
영복여자고등학교,37.28562481,127.0016721,사립,경기도 수원시 팔달구 장안로7번길 49-1
성일정보고등학교,37.43487853,127.1448205,사립,경기도 성남시 중원구 시민로77번길 10-2
용호고등학교,37.3418258,126.9393348,공립,경기도 군포시 용호2로 10
서울외국어고등학교,37.64578079,127.0515087,사립,서울특별시 도봉구 덕릉로66길 22
관악고등학교,37.52179166,126.8829236,공립,서울특별시 영등포구 영등포로6길 26
분당아람고등학교,37.41377813,127.1386738,공립,경기도 성남시 분당구 장미로 153
토평고등학교,37.589354,127.143185,공립,경기도 구리시 장자대로111번길 41
성남테크노과학고등학교,37.42762312,127.1477126,공립,경기도 성남시 중원구 둔촌대로258번길 7
광성고등학교,37.54869756,126.9359696,사립,서울특별시 마포구 신수로8길 20
서라벌고등학교,37.64525653,127.0758406,사립,서울특별시 노원구 한글비석로5길 18
성동공업고등학교,37.56936315,127.017292,공립,서울특별시 중구 다산로 290
성남외국어고등학교,37.37860539,127.096569,공립,경기도 성남시 분당구 대왕판교로385번길 28
보인고등학교,37.4975692,127.1395178,사립,서울특별시 송파구 오금로49길 18
중앙여자고등학교,37.56317672,126.9540593,사립,서울특별시 서대문구 북아현로11가길 7
단원고등학교,37.3273054,126.8239977,공립,경기도 안산시 단원구 단원로 55
함현고등학교,37.36619361,126.7384564,공립,경기도 시흥시 역전로 463
적성융합고등학교,37.95431778,126.9145345,공립,경기도 파주시 적성면 솥뒤로33번길 60
서울공업고등학교,37.50190126,126.922383,공립,서울특별시 동작구 대방동1길 46
성암국제무역고등학교,37.62041353,127.0239059,사립,서울특별시 강북구 도봉로29길 52
한국삼육고등학교,37.64335737,127.1088503,사립,서울특별시 노원구 화랑로 815
한양공업고등학교,37.5658716,127.0114433,사립,서울특별시 중구 을지로 299
유한공업고등학교,37.487914,126.8232907,사립,서울특별시 구로구 경인로 8
하나고등학교,37.64163759,126.9369303,사립,서울특별시 은평구 연서로 535
숭문고등학교,37.550873,126.9457689,사립,서울특별시 마포구 숭문길 99
문정고등학교,37.4851785,127.1266921,공립,서울특별시 송파구 송이로34길 62
국립국악고등학교,37.4762308,127.0514732,국립,서울특별시 강남구 개포로22길 65
시흥능곡고등학교,37.37393847,126.8119474,공립,경기도 시흥시 승지로 107
신목고등학교,37.51290943,126.873607,공립,서울특별시 양천구 안양천로 739
양영디지털고등학교,37.37401753,127.1400112,공립,경기도 성남시 분당구 불정로386번길 35
이화여자고등학교,37.56617664,126.9713244,사립,서울특별시 중구 정동길 26
상암고등학교,37.581383,126.8833945,공립,서울특별시 마포구 월드컵북로 445
대평고등학교,37.29535733,126.988126,공립,경기도 수원시 장안구 천천로22번길 21
군포고등학교,37.35760393,126.9404491,사립,경기도 군포시 오금로 118
혜원여자고등학교,37.59327987,127.0970427,사립,서울특별시 중랑구 봉우재로58길 39
광운인공지능고등학교,37.61923977,127.0565452,사립,서울특별시 노원구 광운로1길 24
안양예술고등학교,37.39580704,126.9114168,사립,경기도 안양시 만안구 양화로25번길 40
양주고등학교,37.7949038,127.1074448,공립,경기도 양주시 삼숭로38번길 78-52
광문고등학교,37.46462137,126.8495912,공립,경기도 광명시 원광명안로 39
은평고등학교,37.60984462,126.905737,공립,서울특별시 은평구 갈현로15길 47
서울문화고등학교,37.66413143,127.0472858,공립,서울특별시 도봉구 마들로 598
흥진고등학교,37.35237537,126.9291997,공립,경기도 군포시 오금로 15-17
매원고등학교,37.26565476,127.0545337,공립,경기도 수원시 영통구 삼성로213번길 120
배명고등학교,37.4976895,127.0958118,사립,서울특별시 송파구 삼학사로 11
청북고등학교,37.022561,126.9198247,공립,경기도 평택시 청북읍 안청로4길 55
대동세무고등학교,37.58158273,126.9879513,사립,서울특별시 종로구 계동길 84-10
한광고등학교,36.99789035,127.0960037,사립,경기도 평택시 중앙1로 115
대성고등학교,37.623161,126.9097907,사립,서울특별시 은평구 갈현로29길 51-24
수원외국어고등학교,37.29599326,127.0351158,공립,경기도 수원시 영통구 창룡대로 263
한성고등학교,37.55909644,126.954461,사립,서울특별시 서대문구 북아현로1길 24
세교고등학교,37.17800671,127.0533473,공립,경기도 오산시 수청로 112
호매실고등학교,37.26492553,126.9553373,공립,경기도 수원시 권선구 칠보로 142-1
영생고등학교,37.30473311,126.9742361,사립,경기도 수원시 장안구 서부로2198번길 22
안화고등학교,37.2119228,127.0484625,공립,경기도 화성시 병점3로 132-19
대화고등학교,37.66846943,126.732143,공립,경기도 고양시 일산서구 대화로 100
진관고등학교,37.64333857,126.9243825,공립,서울특별시 은평구 진관4로 26
초월고등학교,37.387683,127.2898183,공립,경기도 광주시 초월읍 무들로 3-25
비봉고등학교,37.23724717,126.872612,사립,경기도 화성시 비봉면 양노로109번길 5
명덕외국어고등학교,37.55394399,126.8342915,사립,서울특별시 강서구 강서로47길 34-10
권선고등학교,37.25278194,127.0333651,공립,경기도 수원시 권선구 세권로 276
이매고등학교,37.392401,127.1209492,공립,경기도 성남시 분당구 탄천로 1
부원고등학교,37.11673313,127.619479,사립,경기도 이천시 장호원읍 서동대로 8857
김포고등학교,37.61839978,126.713009,공립,경기도 김포시 봉화로 37-15
대진고등학교,37.63780685,127.0760900225,사립,서울특별시 노원구 공릉로62가길 47
별가람고등학교,37.661438,127.1221742,공립,경기도 남양주시 순화궁로 393
한영외국어고등학교,37.54914056,127.1577731,사립,서울특별시 강동구 동남로 832
세화여자고등학교,37.50199646,126.9942300139,사립,서울특별시 서초구 신반포로 56-7
운천고등학교,37.15598785,127.0803516,공립,경기도 오산시 운천로 193
경기여자고등학교,37.48691516,127.065453,공립,서울특별시 강남구 삼성로 29
영일고등학교,37.54728726,126.8620589,사립,서울특별시 강서구 등촌로51가길 26
대신고등학교,37.57312377,126.9612546,사립,서울특별시 종로구 사직로 9
세마고등학교,37.18054088,127.0409971,공립,경기도 오산시 수목원로 559-17
리라아트고등학교,37.557115,126.988252,사립,서울특별시 중구 소파로2길 24
영신간호비즈니스고등학교,37.65245208,127.083205,사립,서울특별시 노원구 중계로16나길 13
이의고등학교,37.29235868,127.0711898,공립,경기도 수원시 영통구 법조로 145
성신여자고등학교,37.59428963,127.0224072,사립,서울특별시 성북구 동소문로26가길 80
율천고등학교,37.28782913,126.9788781,공립,경기도 수원시 팔달구 일월로 50
서울공연예술고등학교,37.49993066,126.8326087,사립,서울특별시 구로구 오리로22나길 16-26
서울국제고등학교,37.59179115,126.9954907,공립,서울특별시 종로구 성균관로13길 40
수명고등학교,37.54976186,126.8247663,공립,서울특별시 강서구 수명로2길 15
무학여자고등학교,37.55762633,127.0338809,공립,서울특별시 성동구 고산자로 197
파주여자고등학교,37.77510483,126.7860208,사립,경기도 파주시 월롱면 함영골길 10
동성고등학교,37.58496996,127.003062,사립,서울특별시 종로구 대학로 156
솔터고등학교,37.64179455,126.6362439,공립,경기도 김포시 김포한강7로22번길 109
여의도고등학교,37.52505101,126.9342192,공립,서울특별시 영등포구 국제금융로7길 37
서울세종고등학교,37.49038935,127.1027968,사립,서울특별시 강남구 광평로51길 36
청량고등학교,37.588886,127.051311,공립,서울특별시 동대문구 왕산로 303
매향여자정보고등학교,37.28457355,127.0186217,사립,경기도 수원시 팔달구 수원천로 350
의왕고등학교,37.32252849,126.9585076,공립,경기도 의왕시 덕영대로 115
선화예술고등학교,37.5509798,127.0870952,사립,서울특별시 광진구 천호대로 664
은행고등학교,37.44341639,126.8029873,공립,경기도 시흥시 은행고길 85
향남고등학교,37.12888636,126.926236,공립,경기도 화성시 향남읍 행정동로 49
정의여자고등학교,37.65335584,127.0324273,사립,서울특별시 도봉구 노해로49길 69
마석고등학교,37.64380715,127.2993147,공립,경기도 남양주시 화도읍 녹촌로 35
덕성여자고등학교,37.57776082,126.9835581,사립,서울특별시 종로구 율곡로3길 50
문산고등학교,37.86299886,126.7757779,공립,경기도 파주시 문산읍 당동1로 22
한양대학교사범대학부속고등학교,37.56191884,127.042324,사립,서울특별시 성동구 마조로 42
명문고등학교,37.47057166,126.8498885,공립,경기도 광명시 광명로812번길 16
양명고등학교,37.40864037,126.9200167,사립,경기도 안양시 만안구 경수대로1001번길 184
전곡고등학교,38.03521317,127.069283,공립,경기도 연천군 전곡읍 전은길 9-89
계원예술고등학교,37.35836192,127.1155061,사립,경기도 성남시 분당구 불정로 100
근명고등학교,37.39354124,126.9200136,사립,경기도 안양시 만안구 삼덕로 49
대원외국어고등학교,37.56249279,127.0894374,사립,서울특별시 광진구 용마산로22길 26
세명컴퓨터고등학교,37.6277708,126.9232499,사립,서울특별시 은평구 통일로92가길 33
경화여자고등학교,37.41824307,127.2639914,사립,경기도 광주시 수하길11번길 43
향일고등학교,37.12928624,126.9178966,공립,경기도 화성시 향남읍 행정중앙2로 28
배화여자고등학교,37.57954401,126.9672919,사립,서울특별시 종로구 필운대로1길 34
삼일고등학교,37.28638393,127.0196791,사립,경기도 수원시 팔달구 수원천로392번길 44-28
과천중앙고등학교,37.42301485,126.9865703,공립,경기도 과천시 교육원로 17
수일고등학교,37.30771516,127.0180455,공립,경기도 수원시 장안구 수일로233번길 59
진선여자고등학교,37.50230289,127.0482866,사립,서울특별시 강남구 선릉로85길 27
광교고등학교,37.289728,127.0485481,공립,경기도 수원시 영통구 도청로89번길 11
광신고등학교,37.4644762,126.9259406,사립,서울특별시 관악구 광신길 141
진성고등학교,37.46950279,126.8767614,사립,경기도 광명시 철망산로 84
한세사이버보안고등학교,37.55179832,126.952032,사립,서울특별시 마포구 마포대로11길 44-80
서문여자고등학교,37.48891973,126.9845458,사립,서울특별시 서초구 동광로12길 84
옥정고등학교,37.82768859,127.0887218,공립,경기도 양주시 옥정로7길 47
성안고등학교,37.30271205,126.8425361,공립,경기도 안산시 상록구 용신로 170
운정고등학교,37.72204425,126.7363199,공립,경기도 파주시 와석순환로 267
경기자동차과학고등학교,37.41429863,126.8398538,사립,경기도 시흥시 금오로 103
도래울고등학교,37.62858197,126.8705724,공립,경기도 고양시 덕양구 도래울1로 67
청원고등학교,37.66525155,127.0625329,사립,서울특별시 노원구 한글비석로 506
풍산고등학교,37.55113292,127.1996871,공립,경기도 하남시 덕풍서로 11
세종고등학교,37.29549345,127.6462791,공립,경기도 여주시 청심로 221
복정고등학교,37.46152833,127.1372794,공립,경기도 성남시 수정구 복정안골로 35
경신고등학교,37.592226,126.999531,사립,서울특별시 종로구 혜화로 74
누원고등학교,37.68556896,127.0499327,공립,서울특별시 도봉구 마들로 849
덕계고등학교,37.82428609,127.047949,공립,경기도 양주시 평화로1489번길 34
역곡고등학교,37.49172578,126.8096089,공립,경기도 부천시 원미구 안곡로 322
언남고등학교,37.47233002,127.0430052,공립,서울특별시 서초구 동산로13길 35
예일여자고등학교,37.6109459,126.9147928,사립,서울특별시 은평구 연서로 117
가온고등학교,36.98842094,127.276022,사립,경기도 안성시 샛터길 46
성보경영고등학교,37.46184664,127.1585265,사립,경기도 성남시 수정구 논골로 82
안양외국어고등학교,37.39571621,126.9090332,사립,경기도 안양시 만안구 양화로37번길 36
마포고등학교,37.55998867,126.8531334,사립,서울특별시 강서구 화곡로 403
서울고등학교,37.48429306,127.0049019,공립,서울특별시 서초구 효령로 197
세화고등학교,37.50199646,126.9942300139,사립,서울특별시 서초구 신반포로 56-7
수원정보과학고등학교,37.27608009,127.0497818,공립,경기도 수원시 영통구 동수원로551번길 16
영신고등학교,37.49810094,126.909739,공립,서울특별시 영등포구 대방천로14길 18
태장고등학교,37.24936938,127.0594286,공립,경기도 수원시 영통구 영통로 250
영훈고등학교,37.61468187,127.0280933,사립,서울특별시 강북구 도봉로13가길 19
상명고등학교,37.64954781,127.0680416,사립,서울특별시 노원구 덕릉로 553
배재고등학교,37.55505939,127.1502473,사립,서울특별시 강동구 고덕로 227
경기창조고등학교,37.00193973,127.1723586,공립,경기도 안성시 공도읍 공도5로 37
서울디자인고등학교,37.54670177,126.9469053,사립,서울특별시 마포구 백범로 139
영파여자고등학교,37.53273562,127.1197395,사립,서울특별시 송파구 올림픽로 565
효문고등학교,37.65269871,127.0184005,공립,서울특별시 도봉구 우이천로 432
서울동구고등학교,37.59410587,127.0082153,사립,서울특별시 성북구 성북로8길 71
현화고등학교,36.97877848,126.9170752,공립,경기도 평택시 안중읍 안현로서8길 65
충암고등학교,37.58464029,126.9218095,사립,서울특별시 은평구 가좌로5길 5
경기외국어고등학교,37.34807009,126.9597494,사립,경기도 의왕시 고산로105번길 30
수원여자고등학교,37.276828,127.0043551,공립,경기도 수원시 팔달구 고등로59번길 72
한민고등학교,37.75805679,126.8580362,사립,경기도 파주시 광탄면 혜음로 765
안산강서고등학교,37.33479362,126.8179386,사립,경기도 안산시 단원구 삼일로 367
군포e비즈니스고등학교,37.36305308,126.9185422,공립,경기도 군포시 수리산로 153
성남고등학교,37.50528157,126.9266153,사립,서울특별시 동작구 대방동길 74
정왕고등학교,37.35044006,126.7284476,공립,경기도 시흥시 정왕대로118번길 13
금옥여자고등학교,37.51096532,126.8439717,공립,서울특별시 양천구 신정로 213
양천고등학교,37.5083206,126.8452028,사립,서울특별시 양천구 신정로14길 13
망포고등학교,37.233827,127.0464357,공립,경기도 수원시 영통구 동탄지성로 468
청담고등학교,37.52800302,127.0437002,공립,서울특별시 강남구 압구정로 419
경기과학고등학교,37.308815,127.0064083,공립,경기도 수원시 장안구 수일로 135
영신여자고등학교,37.241938,126.9669823,사립,경기도 수원시 권선구 삼천병마로1566번길 30
수리고등학교,37.35526201,126.9197712,공립,경기도 군포시 수리산로 39
이우고등학교,37.35324326,127.090941,사립,경기도 성남시 분당구 동막로 287
선유고등학교,37.53390162,126.8948507,공립,서울특별시 영등포구 선유로 227
덕일전자공업고등학교,37.49053652,126.837109,사립,서울특별시 구로구 서해안로21길 5-12
영등포공업고등학교,37.56983562,126.8500283,사립,서울특별시 강서구 허준로5길 15
대경생활과학고등학교,37.55637326,127.0169792,사립,서울특별시 중구 매봉18길 111
동두천외국어고등학교,37.89280911,127.0630227,공립,경기도 동두천시 지행로 145
낙생고등학교,37.38610469,127.1003748,사립,경기도 성남시 분당구 대왕판교로 477
성포고등학교,37.32610962,126.8513003,공립,경기도 안산시 상록구 충장로 538
고촌고등학교,37.60460551,126.7499614,공립,경기도 김포시 고촌읍 태리로47번길 20
경기관광고등학교,37.375425,127.5893974,사립,경기도 여주시 대신면 여양로 1416
한성여자고등학교,37.5830649,127.011784,사립,서울특별시 성북구 삼선교로16길 117
창현고등학교,37.28490893,127.0418566,사립,경기도 수원시 팔달구 월드컵로 216-2
대원고등학교,37.56249279,127.0894374,사립,서울특별시 광진구 용마산로22길 26
해성국제컨벤션고등학교,37.5818726,127.0569769,사립,서울특별시 동대문구 전농로20길 31
경복비즈니스고등학교,37.558025,126.8526703,사립,서울특별시 강서구 화곡로 379
현암고등학교,37.32880026,127.1313577,공립,경기도 용인시 수지구 디지털벨리로 17
석관고등학교,37.60958929,127.0667176,공립,서울특별시 성북구 한천로70길 30
용문고등학교,37.49187337,127.5988154,사립,경기도 양평군 용문면 용문로 437
신원고등학교,37.66840557,126.886943,공립,경기도 고양시 덕양구 통일로 391
휘경공업고등학교,37.585216,127.0697283,공립,서울특별시 동대문구 겸재로 21
충훈고등학교,37.410815,126.893138,공립,경기도 안양시 만안구 석수로 238
광탄고등학교,37.78343723,126.848919,사립,경기도 파주시 광탄면 혜음로1128번길 16
일산국제컨벤션고등학교,37.67288456,126.771578,공립,경기도 고양시 일산서구 고봉로 133
송우고등학교,37.82940922,127.1384377,공립,경기도 포천시 소흘읍 태봉로 125
동패고등학교,37.71123986,126.734427,공립,경기도 파주시 교하로 350
안산동산고등학교,37.28686736,126.8585591,사립,경기도 안산시 상록구 충장로 56
동남고등학교,37.82695298,127.1356234,사립,경기도 포천시 소흘읍 솔모루로3번길 69
능동고등학교,37.21390891,127.0575058,공립,경기도 화성시 동탄원천로 315-26
오산고등학교,37.523505,127.0008872,사립,서울특별시 용산구 보광로7길 17
덕산고등학교,37.53080239,126.7896968,공립,경기도 부천시 오정구 오정로266번길 69
오금고등학교,37.50453217,127.128969,공립,서울특별시 송파구 중대로 247
연천고등학교,38.10822391,127.0766731,공립,경기도 연천군 연천읍 연천로336번길 13
구로고등학교,37.49884008,126.8903092,공립,서울특별시 구로구 가마산로27길 45
동두천고등학교,37.90471471,127.0592539,사립,경기도 동두천시 평화로2434번길 8
일산대진고등학교,37.68047139,126.7515967,사립,경기도 고양시 일산서구 대산로 246
일산동고등학교,37.7006519,126.7686598,공립,경기도 고양시 일산서구 탄현로 100
월계고등학교,37.63173301,127.0487159,공립,서울특별시 노원구 초안산로5길 66
경기대명고등학교,37.29601975,126.939985,공립,경기도 수원시 권선구 수인로598번길 3-24
경기영상과학고등학교,37.66540546,126.7621008,공립,경기도 고양시 일산서구 강선로 8
영락의료과학고등학교,37.476588,126.9454164,사립,서울특별시 관악구 청룡16길 25
풍동고등학교,37.6718435,126.7950813,공립,경기도 고양시 일산동구 숲속마을로 119
삼일공업고등학교,37.28554473,127.0205555,사립,경기도 수원시 팔달구 수원천로392번길 44-60
백운고등학교,37.38788839,126.9866943,공립,경기도 의왕시 내손순환로 136
수내고등학교,37.36611486,127.1298639,공립,경기도 성남시 분당구 발이봉북로 15
동명생활경영고등학교,37.61441879,126.9228204,사립,서울특별시 은평구 통일로 793
경기북과학고등학교,37.758832,127.019645,공립,경기도 의정부시 체육로135번길 32
한국조리과학고등학교,37.45851798,126.8323613,사립,경기도 시흥시 금오로 640
안성여자고등학교,37.01814312,127.257949,공립,경기도 안성시 남파로 73-10
서일문화예술고등학교,37.57937936,127.0127927,사립,서울특별시 종로구 지봉로17길 49
가평고등학교,37.81828429,127.5130855,공립,경기도 가평군 가평읍 호반로 2601
대진디자인고등학교,37.49042815,127.0959793,사립,서울특별시 강남구 광평로39길 93
부용고등학교,37.736306,127.0929481,공립,경기도 의정부시 오목로 96
도농고등학교,37.61138869,127.150911,공립,경기도 남양주시 다산순환로 1
은혜고등학교,37.06654128,127.0816468,사립,경기도 평택시 장안웃길 66
저동고등학교,37.67086575,126.7790577,공립,경기도 고양시 일산동구 무궁화로 165
저현고등학교,37.67779541,126.815957,공립,경기도 고양시 일산동구 위시티3로 37
구리고등학교,37.58857093,127.1400939,공립,경기도 구리시 장자대로 89
서정고등학교,37.62124515,126.8493849,공립,경기도 고양시 덕양구 서정마을2로 39
백신고등학교,37.64248837,126.7819557,공립,경기도 고양시 일산동구 백석로 8
고양일고등학교,37.6997244,126.9013355,공립,경기도 고양시 덕양구 읍내로 13
병점고등학교,37.20585454,127.0437159,공립,경기도 화성시 병점중앙로 72
동작고등학교,37.48260194,126.9650863,공립,서울특별시 동작구 솔밭로 51
효명고등학교,37.0501393,127.0550807,사립,경기도 평택시 송탄로 51
와부고등학교,37.59481963,127.2231017,공립,경기도 남양주시 와부읍 수레로 127-20
덕원여자고등학교,37.54862258,126.8290245,사립,서울특별시 강서구 강서로45길 91-44
고색고등학교,37.253835,126.9823466,공립,경기도 수원시 권선구 서둔로17번길 32
양동고등학교,37.42168348,127.755652,사립,경기도 양평군 양동면 학둔지윗길 47-7
고척고등학교,37.50804938,126.8498691,공립,서울특별시 구로구 중앙로15길 162
신성고등학교,37.38415457,126.918832,사립,경기도 안양시 만안구 소곡로 93
하남경영고등학교,37.53845212,127.2260188,공립,경기도 하남시 대청로116번길 11
신갈고등학교,37.26975906,127.1113065,사립,경기도 용인시 기흥구 백남준로 13
오산고등학교,37.15430591,127.0626056,사립,경기도 오산시 청학로 43
안양여자고등학교,37.40353299,126.916303,사립,경기도 안양시 만안구 안양로 357
초당고등학교,37.25869538,127.163217,공립,경기도 용인시 기흥구 동백중앙로 21
광신방송예술고등학교,37.4644762,126.9259406,사립,서울특별시 관악구 광신길 141
광덕고등학교,37.34014053,126.8457848,공립,경기도 안산시 상록구 순환로 532
경희고등학교,37.59394914,127.054891,사립,서울특별시 동대문구 경희대로 26
경기물류고등학교,36.986906,126.9296362,공립,경기도 평택시 안중읍 안현로 403
한빛누리고등학교,37.91198659,127.061072,사립,경기도 동두천시 동광로 124
건국대학교사범대학부속고등학교,37.53918267,127.0747119,사립,서울특별시 광진구 능동로 120
용인고등학교,37.24057072,127.193049,공립,경기도 용인시 처인구 금학로253번길 20-21
당곡고등학교,37.49176034,126.9342464,공립,서울특별시 관악구 봉천로21길 108
숭신여자고등학교,37.45026861,127.1700177,사립,경기도 성남시 중원구 황송로77번길 34
성동고등학교,37.564116,127.0223892,공립,서울특별시 중구 퇴계로90길 17
잠신고등학교,37.51470129,127.088283,공립,서울특별시 송파구 잠실로 24
경희여자고등학교,37.59394914,127.054891,사립,서울특별시 동대문구 경희대로 26
오산정보고등학교,37.15389008,127.059967,공립,경기도 오산시 청학로5번길 20
휘문고등학교,37.50528945,127.0619939,사립,서울특별시 강남구 역삼로 541
동원고등학교,37.31981901,126.9824035,사립,경기도 수원시 장안구 장안로 426-1
잠실여자고등학교,37.50179413,127.1142413,사립,서울특별시 송파구 송파대로38길 8
명덕여자고등학교,37.55394399,126.8342915,사립,서울특별시 강서구 강서로47길 34-10
한국외식과학고등학교,37.89719133,126.979851,사립,경기도 양주시 남면 개나리18길 1
호평고등학교,37.65719386,127.252755,공립,경기도 남양주시 호평로 109
안곡고등학교,37.682002,126.7872084,공립,경기도 고양시 일산동구 하늘마을로 75
금곡고등학교,37.63309159,127.2129487,공립,경기도 남양주시 경춘로992번길 10
지산고등학교,37.735428,126.749871,공립,경기도 파주시 가람로21번길 27-37
화수고등학교,37.64506907,126.836154,공립,경기도 고양시 덕양구 화수로 51
주엽고등학교,37.67610348,126.754359,공립,경기도 고양시 일산서구 킨텍스로 341
화성고등학교,37.13902926,126.9064904,사립,경기도 화성시 향남읍 장짐길 4
성호고등학교,37.13914256,127.0816273,공립,경기도 오산시 동부대로436번길 46
경기모바일과학고등학교,37.30556825,126.8981471,공립,경기도 안산시 상록구 남산평길 35
안산공업고등학교,37.33634683,126.8615892,사립,경기도 안산시 상록구 안산공고로 51
운중고등학교,37.39280433,127.073644,공립,경기도 성남시 분당구 운중로 95
숙지고등학교,37.28296783,126.993266,공립,경기도 수원시 팔달구 수성로182번길 100
영북고등학교,38.08606458,127.2762709,공립,경기도 포천시 영북면 영북로 136
세원고등학교,37.67146934,126.8033476,사립,경기도 고양시 일산동구 숲속마을로 202
기흥고등학교,37.28229211,127.108853,공립,경기도 용인시 기흥구 관곡로 20
한성과학고등학교,37.57543617,126.9523709,공립,서울특별시 서대문구 통일로 279-79
부곡고등학교,37.33153061,126.8574668,공립,경기도 안산시 상록구 시낭로 78
매탄고등학교,37.26262774,127.044778,공립,경기도 수원시 영통구 매탄로126번길 11
장안고등학교,37.29312138,126.9955918,공립,경기도 수원시 장안구 대평로52번길 12
분당중앙고등학교,37.36064712,127.1246258,공립,경기도 성남시 분당구 불정로 174
호원고등학교,37.70560206,127.0443246,공립,경기도 의정부시 망월로 56
진접고등학교,37.71585327,127.1904483,공립,경기도 남양주시 진접읍 해밀예당2로 13
우성고등학교,37.34928616,126.9806509,사립,경기도 의왕시 오전로 37
배문고등학교,37.549998,126.9639041,사립,서울특별시 용산구 효창원로 258
남한고등학교,37.5360184,127.203013,공립,경기도 하남시 신평로 25
서울정화고등학교,37.58604864,127.0410703,사립,서울특별시 동대문구 홍릉로15길 50
미림여자정보과학고등학교,37.4661018,126.9319279,사립,서울특별시 관악구 호암로 546
율곡고등학교,37.84799168,126.8813043,사립,경기도 파주시 법원읍 사임당로 905
감일고등학교,37.50941102,127.1600938,공립,경기도 하남시 감일순환로 165
신림고등학교,37.47921049,126.9169672,공립,서울특별시 관악구 문성로 119
서울미술고등학교,37.47669631,126.9667485,사립,서울특별시 관악구 남부순환로247길 26
경기게임마이스터고등학교,37.39791081,126.9474683,공립,경기도 안양시 동안구 학의로 70
강서고등학교,37.53631557,126.8657711,사립,서울특별시 양천구 목동중앙남로 27
자양고등학교,37.53607797,127.0733395,공립,서울특별시 광진구 뚝섬로37길 28
안산고등학교,37.36050434,126.8736141,사립,경기도 안산시 상록구 청룡4길 8
야탑고등학교,37.40376833,127.1535645,사립,경기도 성남시 분당구 판교로 738
남양고등학교,37.2079709,126.8234064,공립,경기도 화성시 남양읍 시청로45번길 23
운암고등학교,37.14383484,127.075033,공립,경기도 오산시 운천로 12
관인고등학교,38.15804881,127.2505866,공립,경기도 포천시 관인면 관인로 20
의정부여자고등학교,37.75003605,127.0411502,공립,경기도 의정부시 신흥로365번길 10
용인백현고등학교,37.2793322,127.1625331,공립,경기도 용인시 기흥구 동백7로 112
양일고등학교,37.49437051,127.4934909,사립,경기도 양평군 양평읍 관문2길 9
삼괴고등학교,37.08982064,126.8222924,사립,경기도 화성시 우정읍 장안로 35
동광고등학교,37.43463362,127.1434964,사립,경기도 성남시 중원구 원터로 84
동탄국제고등학교,37.18920635,127.0783391,공립,경기도 화성시 동탄나루로 27
성지고등학교,37.27228468,127.1312675,공립,경기도 용인시 기흥구 갈곡로12번길 13
용화여자고등학교,37.65913138,127.0582807,사립,서울특별시 노원구 동일로 1461
경문고등학교,37.49341886,126.9822734,사립,서울특별시 동작구 동작대로 171
진명여자고등학교,37.52404701,126.8658566,사립,서울특별시 양천구 목동로 170
중화고등학교,37.60481461,127.0836541,공립,서울특별시 중랑구 봉화산로27길 62
군포중앙고등학교,37.32397274,126.9372177,공립,경기도 군포시 송부로 239
별내고등학교,37.65158042,127.1170775,공립,경기도 남양주시 별내5로 36
두레자연고등학교,37.059386,126.795774,사립,경기도 화성시 우정읍 두레길 42
수원하이텍고등학교,37.25629389,127.0812925,공립,경기도 수원시 영통구 청명북로 56
구리여자고등학교,37.59175747,127.1514056,공립,경기도 구리시 벌말로 168
인창고등학교,37.605409,127.1464713,공립,경기도 구리시 왕숙천로 339
중산고등학교,37.69694847,126.7825931,공립,경기도 고양시 일산동구 중산로 290
수원공업고등학교,37.274233,127.0245216,사립,경기도 수원시 팔달구 세지로 254
평촌경영고등학교,37.40107292,126.9590273,공립,경기도 안양시 동안구 학의로 186
갈매고등학교,37.627385,127.1176504,공립,경기도 구리시 갈매순환로 75
고양외국어고등학교,37.69052753,126.8592787,사립,경기도 고양시 덕양구 통일로 820
성사고등학교,37.663005,126.842108,공립,경기도 고양시 덕양구 호국로 869
행신고등학교,37.61640532,126.8426241,공립,경기도 고양시 덕양구 소만로 36
한국문화영상고등학교,37.90605631,127.060131,사립,경기도 동두천시 평화로2452번길 32
태성고등학교,37.22892007,127.208854,사립,경기도 용인시 처인구 백옥대로 1059-2
돌마고등학교,37.39327801,127.1321643,공립,경기도 성남시 분당구 이매로 105
동양고등학교,37.56901968,126.8470811,사립,서울특별시 강서구 허준로 50
송탄고등학교,37.05641034,127.0699325,공립,경기도 평택시 정암로 142
평내고등학교,37.64205451,127.2340944,공립,경기도 남양주시 평내로 57
예당고등학교,37.20845778,127.0802182,공립,경기도 화성시 삼성1로 47
덕현고등학교,37.79827082,127.0846203,공립,경기도 양주시 고읍북로 36
덕이고등학교,37.69575632,126.754851,공립,경기도 고양시 일산서구 하이파크1로 64
대부고등학교,37.247751,126.5790618,공립,경기도 안산시 단원구 대부중앙로 3
관양고등학교,37.40881423,126.9601178,공립,경기도 안양시 동안구 일동로 115
무원고등학교,37.61907994,126.838162,공립,경기도 고양시 덕양구 화신로 65
가좌고등학교,37.68802952,126.7201873,공립,경기도 고양시 일산서구 가좌1로 43
덕소고등학교,37.579384,127.216596,사립,경기도 남양주시 와부읍 덕소로 194
등촌고등학교,37.56294522,126.8450461,공립,서울특별시 강서구 공항대로39길 115
휘경여자고등학교,37.58190052,127.0674341,사립,서울특별시 동대문구 한천로 247
이충고등학교,37.057442,127.0648687,공립,경기도 평택시 이충로35번길 50
평택고등학교,36.989735,127.1083223,공립,경기도 평택시 중앙로 246
심석고등학교,37.65603445,127.3068854,사립,경기도 남양주시 화도읍 마석로 62
백양고등학교,37.62949459,126.8384269,공립,경기도 고양시 덕양구 화신로 199
백석고등학교,37.6529063,126.7869189,공립,경기도 고양시 일산동구 강촌로 115
화곡고등학교,37.54793611,126.8315357,사립,서울특별시 강서구 강서로45길 69
한가람고등학교,37.53746204,126.8840075,사립,서울특별시 양천구 목동서로 15
신한고등학교,36.99355003,127.1044177,사립,경기도 평택시 신한1길 26
동탄고등학교,37.20414063,127.0603836,공립,경기도 화성시 동탄공원로1길 26-7
양재고등학교,37.48242164,127.0320796,공립,서울특별시 서초구 남부순환로346길 9
청학고등학교,37.71183929,127.1195678,공립,경기도 남양주시 별내면 청학로68번길 47
태광고등학교,37.07380166,127.0534992,사립,경기도 평택시 탄현1로 155
신흥고등학교,37.93106706,127.0478141,사립,경기도 동두천시 신천로 159
광주고등학교,37.41766644,127.265711,공립,경기도 광주시 수하길19번길 43
서울삼육고등학교,37.5952268,127.1245233,사립,경기도 구리시 아차산로487번길 70
보라고등학교,37.25145551,127.1105881,공립,경기도 용인시 기흥구 한보라1로43번길 7
가락고등학교,37.50107579,127.1164258,공립,서울특별시 송파구 송이로 42
진위고등학교,37.10991471,127.0694297,사립,경기도 평택시 진위면 진위서로 47
발곡고등학교,37.7284552,127.0678813,공립,경기도 의정부시 동일로454번길 150
라온고등학교,37.06940562,127.0669522,사립,경기도 평택시 경기대로1376번길 38-6
용인홍천고등학교,37.32221072,127.0823971,공립,경기도 용인시 수지구 수지로227번길 22
동명여자고등학교,37.61441879,126.9228204,사립,서울특별시 은평구 통일로 793
오남고등학교,37.69821404,127.2065483,공립,경기도 남양주시 오남읍 진건오남로 784-27
개포고등학교,37.484953,127.0594065,공립,서울특별시 강남구 개포로 402
서원고등학교,37.302407,127.0814728,공립,경기도 용인시 수지구 상현로42번길 26-7
신길고등학교,37.33443136,126.787526,공립,경기도 안산시 단원구 신길로 45
죽전고등학교,37.33263026,127.106055,공립,경기도 용인시 수지구 용구대로2771번길 23
화홍고등학교,37.2517435,127.040294,공립,경기도 수원시 권선구 세권로 331
성문고등학교,37.37984308,126.9246852,사립,경기도 안양시 만안구 성결대학로64번길 9
분당대진고등학교,37.36941233,127.1381475,사립,경기도 성남시 분당구 분당로 271
흥덕고등학교,37.27075758,127.0744587,공립,경기도 용인시 기흥구 흥덕2로 36
대일고등학교,37.5394887,126.8634031,사립,서울특별시 강서구 등촌로 105
풍덕고등학교,37.31702384,127.0892193,공립,경기도 용인시 수지구 정평로13번길 5
산본고등학교,37.37078146,126.925841,공립,경기도 군포시 산본로 451-12
과천여자고등학교,37.43264355,126.9881073,사립,경기도 과천시 희망길 36
영락고등학교,37.47654259,126.9454164,사립,서울특별시 관악구 청룡16길 25
과천외국어고등학교,37.43264355,126.9881073,사립,경기도 과천시 희망길 36
봉일천고등학교,37.74699036,126.8162726,공립,경기도 파주시 조리읍 소곡로 54
홍익디자인고등학교,37.56351064,126.9191663,사립,서울특별시 마포구 성미산로 111
두원공업고등학교,36.996778,127.2417999,사립,경기도 안성시 미양면 미양로 727
은광여자고등학교,37.48837857,127.0352324,사립,서울특별시 강남구 남부순환로359길 36
숭의여자고등학교,37.50736414,126.9292433,사립,서울특별시 동작구 여의대방로36길 79
선덕고등학교,37.65634868,127.0268766,사립,서울특별시 도봉구 시루봉로 53
대광고등학교,37.57795467,127.0253235,사립,서울특별시 동대문구 안암로 6
문산제일고등학교,37.77260399,126.7628873,공립,경기도 파주시 평화로 190
서울과학고등학교,37.59154805,126.9984363,공립,서울특별시 종로구 혜화로 63
광주중앙고등학교,37.40347289,127.2579446,공립,경기도 광주시 역동로63번길 1
효자고등학교,37.75315107,127.076633,공립,경기도 의정부시 부용로 165
곤지암고등학교,37.34856308,127.3376092,공립,경기도 광주시 곤지암읍 곤지암로 82
용인한국외국어대학교부설고등학교,37.33045822,127.2567039,사립,경기도 용인시 처인구 모현읍 외대로54번길 50
양평고등학교,37.48542599,127.496038,공립,경기도 양평군 양평읍 양근로 260
수성고등학교,37.29361367,127.0026571,공립,경기도 수원시 장안구 장안로90번길 39
서울대학교사범대학부설고등학교,37.59472384,127.0381204,국립,서울특별시 성북구 월곡로 6
한국관광고등학교,37.07183184,127.0220615,사립,경기도 평택시 고덕면 고덕북로 185
경동고등학교,37.58669797,127.0163213,공립,서울특별시 성북구 보문로29길 49
원곡고등학교,37.33286062,126.7986843,공립,경기도 안산시 단원구 화랑로 15
동덕여자고등학교,37.475837,126.991995,사립,서울특별시 서초구 효령로2길 123-5
배곧고등학교,37.3735612,126.7324732,공립,경기도 시흥시 배곧4로 94-10
강동고등학교,37.54991665,127.1606683,사립,서울특별시 강동구 구천면로 572
인덕원고등학교,37.39997331,126.981096,공립,경기도 안양시 동안구 안양판교로 43
삼광고등학교,37.94557773,126.8855095,사립,경기도 파주시 적성면 청송로 701
단국대학교사범대학부속고등학교,37.49561749,127.0577682,사립,서울특별시 강남구 도곡로64길 21
충현고등학교,37.43295996,126.8845281,공립,경기도 광명시 오리로348번길 62
원묵고등학교,37.61523231,127.0855078,공립,서울특별시 중랑구 숙선옹주로 82
경민IT고등학교,37.74612458,127.0251316,사립,경기도 의정부시 서부로 545
상우고등학교,37.73131924,127.0372967,사립,경기도 의정부시 범골로 79
동국대학교사범대학부속영석고등학교,37.73587133,127.0749104,사립,경기도 의정부시 시민로 363
서연고등학교,37.160819,127.1114322,공립,경기도 화성시 동탄대로4가길 6
인덕과학기술고등학교,37.63034387,127.0544999,사립,서울특별시 노원구 초안산로 12
나루고등학교,37.18656401,127.0719398,공립,경기도 화성시 금반2길 13
비전고등학교,37.0009278,127.1057671,공립,경기도 평택시 비전3로 12
동백고등학교,37.28335075,127.1584727,공립,경기도 용인시 기흥구 동백7로 61
이솔고등학교,37.166508,127.111138,공립,경기도 화성시 동탄순환대로7길 10
송산고등학교,37.2164646,126.738237,사립,경기도 화성시 송산면 송산포도로 102-21
고명외식고등학교,37.59767468,127.0191869,사립,서울특별시 성북구 북악산로 870
가재울고등학교,37.57444587,126.9094148,공립,서울특별시 서대문구 수색로 100-35
동국대학교사범대학부속고등학교,37.57804718,127.075133,사립,서울특별시 동대문구 장안벚꽃로 201
우신고등학교,37.49490231,126.8263536,사립,서울특별시 구로구 부일로 917
상명대학교사범대학부속여자고등학교,37.60410891,126.9551595,사립,서울특별시 종로구 홍지문2길 20
성복고등학교,37.32336344,127.061123,공립,경기도 용인시 수지구 도마치로 92
포천고등학교,37.89142616,127.1923465,공립,경기도 포천시 원모루로 40
시흥고등학교,37.38959641,126.8140881,공립,경기도 시흥시 상직길 25
늘푸른고등학교,37.37332701,127.1053275,공립,경기도 성남시 분당구 성남대로407번길 26
미사고등학교,37.57050336,127.193301,공립,경기도 하남시 미사강변한강로 210
남양주고등학교,37.65247358,127.3344687,공립,경기도 남양주시 화도읍 경춘로2192번길 25
신장고등학교,37.543828,127.2096778,공립,경기도 하남시 신장동로 19
고양고등학교,37.6542399,126.8908686,공립,경기도 고양시 덕양구 삼송로 171
청명고등학교,37.26089042,127.0773249,공립,경기도 수원시 영통구 영통로 466
경민고등학교,37.74612458,127.0251316,사립,경기도 의정부시 서부로 545
양평전자과학고등학교,37.51009186,127.4009331,공립,경기도 양평군 양서면 대심상심길 13
분당영덕여자고등학교,37.40529859,127.1394071,사립,경기도 성남시 분당구 판교로592번길 13
한강미디어고등학교,37.53929145,126.8972599,공립,서울특별시 영등포구 선유로55길 22
효원고등학교,37.25941827,127.0390512,공립,경기도 수원시 영통구 동수원로 336
남강고등학교,37.47137567,126.9249091,사립,서울특별시 관악구 난곡로34길 80
덕영고등학교,37.24160007,127.216194,사립,경기도 용인시 처인구 고림로74번길 15
의정부고등학교,37.75491575,127.0312746,공립,경기도 의정부시 녹양로 29
안산디자인문화고등학교,37.29692001,126.8713099,사립,경기도 안산시 상록구 각골로 87
문일고등학교,37.44891526,126.8987207,사립,서울특별시 금천구 시흥대로47길 45
오류고등학교,37.50035507,126.827683,사립,서울특별시 구로구 오리로21길 2
양서고등학교,37.54806766,127.3279564,사립,경기도 양평군 양서면 상촌길 31-12
지평고등학교,37.47447401,127.6345589,공립,경기도 양평군 지평면 지평로 418
대지고등학교,37.32477894,127.1225516,공립,경기도 용인시 수지구 동백죽전대로 1066
광명고등학교,37.47857117,126.8659896,공립,경기도 광명시 오리로876번길 17
서울영상고등학교,37.52330444,126.8602935,사립,서울특별시 양천구 목동로11길 46
광동고등학교,37.71675577,127.1751688,사립,경기도 남양주시 진접읍 장현로광동1길 10
목감고등학교,37.37222339,126.8571834,공립,경기도 시흥시 목감둘레로 150
정신여자고등학교,37.50945384,127.0738473,사립,서울특별시 송파구 올림픽로4길 16
서울문영여자고등학교,37.47290457,126.9509181,사립,서울특별시 관악구 관악로 85
방산고등학교,37.508313,127.1204696,공립,서울특별시 송파구 오금로27길 18
독산고등학교,37.47621872,126.910973,공립,서울특별시 금천구 문성로 64
봉담고등학교,37.21786869,126.953893,공립,경기도 화성시 봉담읍 상봉길 42
경기폴리텍고등학교,37.36019041,126.9243504,공립,경기도 군포시 고산로 524
이화여자대학교사범대학부속이화금란고등학교,37.56638886,126.947303,사립,서울특별시 서대문구 성산로 560
고려대학교사범대학부속고등학교,37.60783857,127.0028302,사립,서울특별시 성북구 정릉로 161
창문여자고등학교,37.6134057,127.0357962,사립,서울특별시 강북구 월계로 61
불곡고등학교,37.34848033,127.1185237,공립,경기도 성남시 분당구 금곡로 149
의정부공업고등학교,37.74844623,127.0375432,공립,경기도 의정부시 가능로 57
안중고등학교,36.98699168,126.9232225,사립,경기도 평택시 안중읍 안중믿음길 32
유신고등학교,37.28243152,127.0413483,사립,경기도 수원시 팔달구 월드컵로 216
송곡고등학교,37.60584544,127.1064637,사립,서울특별시 중랑구 양원역로 50
인헌고등학교,37.47231073,126.9704851,공립,서울특별시 관악구 인헌9길 74
경인고등학교,37.49599268,126.8654289,공립,서울특별시 구로구 경인로46길 31
영덕고등학교,37.25242219,127.0684717,공립,경기도 수원시 영통구 매영로 334
성일고등학교,37.43487853,127.1448205,사립,경기도 성남시 중원구 시민로77번길 10
현대고등학교,37.5254805,127.0223773,사립,서울특별시 강남구 압구정로 127
청운고등학교,37.55334405,127.711471,공립,경기도 양평군 청운면 청운로 28
시흥매화고등학교,37.41607446,126.815906,공립,경기도 시흥시 매화로 35
서울동산고등학교,37.63077798,127.0739984,사립,서울특별시 노원구 공릉로 257
대일외국어고등학교,37.61330459,127.014176,사립,서울특별시 성북구 서경로 116
서현고등학교,37.38222205,127.1240596,공립,경기도 성남시 분당구 분당로 87
보정고등학교,37.31390108,127.1096482,공립,경기도 용인시 기흥구 보정로 22
단국대학교부속소프트웨어고등학교,37.495625,127.0577682,사립,서울특별시 강남구 도곡로64길 21
대영고등학교,37.50366109,126.9058657,공립,서울특별시 영등포구 도림로86길 16
용인바이오고등학교,37.140441,127.2007625,공립,경기도 용인시 처인구 이동읍 경기동로687번길 28-14
창의경영고등학교,37.4383574,126.8821568,공립,경기도 광명시 기아로13번안길 9-9
구일고등학교,37.49350529,126.8746185,공립,서울특별시 구로구 구일로 90-51
서서울생활과학고등학교,37.50382919,126.828201,사립,서울특별시 구로구 오리로 1355-10
청담고등학교,36.96221527,127.0624303,사립,경기도 평택시 팽성읍 팽성송화로 192
상현고등학교,37.29911295,127.074376,공립,경기도 용인시 수지구 법조로 222
정발고등학교,37.66365025,126.7861372,공립,경기도 고양시 일산동구 정발산로 185
고양국제고등학교,37.68458737,126.8086453,공립,경기도 고양시 일산동구 위시티4로 112
영동고등학교,37.52138901,127.0437393,사립,서울특별시 강남구 선릉로 742
수도전기공업고등학교,37.48493754,127.0644787,사립,서울특별시 강남구 개포로 410
의정부광동고등학교,37.75554366,127.036201,사립,경기도 의정부시 서부로 691
동일공업고등학교,36.99232581,127.1179833,사립,경기도 평택시 중앙로 315
반송고등학교,37.19276804,127.0777778,공립,경기도 화성시 동탄반석로 21
재현고등학교,37.66129064,127.0807998,사립,서울특별시 노원구 덕릉로82길 64
능곡고등학교,37.62396116,126.8255017,공립,경기도 고양시 덕양구 지도로 76
일죽고등학교,37.091418,127.4733715,공립,경기도 안성시 일죽면 서동대로 7446
금촌고등학교,37.75019671,126.7787647,공립,경기도 파주시 쇠재1길 18
교하고등학교,37.722665,126.7217207,공립,경기도 파주시 책향기로 180
진건고등학교,37.67452754,127.1977814,공립,경기도 남양주시 진건읍 진건오남로 369-1
양주백석고등학교,37.79179274,126.9867415,공립,경기도 양주시 백석읍 꿈나무로 205
고잔고등학교,37.30878749,126.8353458,공립,경기도 안산시 단원구 광덕2로 222
서울여자상업고등학교,37.47290457,126.9509181,사립,서울특별시 관악구 관악로 85
수택고등학교,37.59487583,127.1542326,공립,경기도 구리시 검배로 145
서울컨벤션고등학교,37.559284,127.1580314,사립,서울특별시 강동구 동남로 964
해성여자고등학교,37.5818726,127.0569769,사립,서울특별시 동대문구 전농로20길 31
경화여자English Business고등학교,37.41824307,127.2639914,사립,경기도 광주시 수하길11번길 43
동화고등학교,37.60793099,127.1619037,사립,경기도 남양주시 경춘로 434
구성고등학교,37.29914483,127.115635,공립,경기도 용인시 기흥구 연원로42번길 47
평택마이스터고등학교,36.99908517,127.091105,공립,경기도 평택시 중앙1로 61
수지고등학교,37.33131984,127.0922274,공립,경기도 용인시 수지구 수풍로 73
일산고등학교,37.688972,126.7683384,공립,경기도 고양시 일산서구 원일로 53
안양고등학교,37.40048898,126.9013599859,공립,경기도 안양시 만안구 삼봉로 46
서울로봇고등학교,37.48073174,127.0845761,공립,서울특별시 강남구 광평로20길 63
광영고등학교,37.5371981,126.8232759,사립,서울특별시 양천구 남부순환로30길 17
광영여자고등학교,37.5371981,126.823246,사립,서울특별시 양천구 남부순환로30길 17
신봉고등학교,37.32774897,127.0629561,공립,경기도 용인시 수지구 신봉3로 45
백영고등학교,37.386458,126.964947,사립,경기도 안양시 동안구 관평로 94
수원농생명과학고등학교,37.29515359,127.0194502,공립,경기도 수원시 장안구 광교산로 13
성동글로벌경영고등학교,37.56585472,127.0135246,공립,서울특별시 중구 퇴계로 375
숭실고등학교,37.59327482,126.9024039,사립,서울특별시 은평구 은평터널로7길 6
서울관광고등학교,37.48781542,126.9437609,사립,서울특별시 관악구 은천로15길 25
목동고등학교,37.50921598,126.860143,사립,서울특별시 양천구 목동동로2길 68
광휘고등학교,37.4290157,126.8818263,공립,경기도 광명시 서원로 41
광남고등학교,37.38464209,127.237801,공립,경기도 광주시 회안대로 350-32
조원고등학교,37.30734419,127.0156673,공립,경기도 수원시 장안구 수일로233번길 15
홍익대학교사범대학부속고등학교,37.59366662,127.002805,사립,서울특별시 성북구 성북로14가길 23
강서공업고등학교,37.57603409,126.8161817,공립,서울특별시 강서구 방화대로47길 9
경민비즈니스고등학교,37.74612458,127.0251316,사립,경기도 의정부시 서부로 545
평택여자고등학교,37.01260333,127.0897392,공립,경기도 평택시 영신로 220
경기체육고등학교,37.30395971,126.9785339,공립,경기도 수원시 장안구 상률로 106
중산고등학교,37.48574293,127.0814285,사립,서울특별시 강남구 일원로14길 22
보성고등학교,37.52008989,127.1357293,사립,서울특별시 송파구 양재대로 1278
보평고등학교,37.39419168,127.117605,공립,경기도 성남시 분당구 동판교로 124
중앙대학교사범대학부속고등학교,37.4919059,127.0521116,사립,서울특별시 강남구 선릉로 207
소하고등학교,37.44724606,126.8875821,공립,경기도 광명시 소하일로 21
영신여자고등학교,37.65245208,127.083289,사립,서울특별시 노원구 중계로16나길 13
일신여자상업고등학교,37.50179413,127.1142413,사립,서울특별시 송파구 송파대로38길 8
서울체육고등학교,37.52233038,127.1298226,공립,서울특별시 송파구 강동대로 232
휘봉고등학교,37.586477,127.068852,공립,서울특별시 동대문구 한천로 290
경기고등학교,37.51756454,127.0560755,공립,서울특별시 강남구 영동대로 643
한국디지털미디어고등학교,37.3423166,126.8309423,사립,경기도 안산시 단원구 사세충열로 94
백암고등학교,37.164968,127.3685728,공립,경기도 용인시 처인구 백암면 백원로 519-9
중동고등학교,37.49371459,127.0809122,사립,서울특별시 강남구 일원로 7
태원고등학교,37.40391632,127.1290213,사립,경기도 성남시 분당구 성남대로 822
신천고등학교,37.4351037,126.7783978,공립,경기도 시흥시 포도원로 50
경기스마트고등학교,37.343239,126.7523469,공립,경기도 시흥시 정왕천로 404
압구정고등학교,37.53113395,127.0327116,공립,서울특별시 강남구 압구정로39길 20
용산고등학교,37.54480263,126.981731,공립,서울특별시 용산구 두텁바위로 60
한국애니메이션고등학교,37.53493189,127.227487,공립,경기도 하남시 검단산로 223
안산국제비즈니스고등학교,37.36094704,126.8741442,사립,경기도 안산시 상록구 수인로 1981
덕원예술고등학교,37.54862258,126.8290245,사립,서울특별시 강서구 강서로45길 91-44
천천고등학교,37.299453,126.982976,공립,경기도 수원시 장안구 정자로42번길 31
분당경영고등학교,37.35502581,127.109611,공립,경기도 성남시 분당구 금곡로 289
한광여자고등학교,36.99789035,127.0960037,사립,경기도 평택시 중앙1로 115
반포고등학교,37.50270273,127.0165107,공립,서울특별시 서초구 고무래로 71
초지고등학교,37.31002122,126.8110074,공립,경기도 안산시 단원구 광덕1로 13
포곡고등학교,37.272591,127.2276557,공립,경기도 용인시 처인구 포곡읍 포곡로210번길 26
위례한빛고등학교,37.467211,127.1500063,공립,경기도 성남시 수정구 위례동로 86
치동고등학교,37.207606,127.0916952,공립,경기도 화성시 동탄순환대로 881-15
운유고등학교,37.645954,126.661657,공립,경기도 김포시 김포한강2로 236
와우고등학교,37.219526,126.9668641,공립,경기도 화성시 봉담읍 동화서북안길 5
부천정보산업고등학교,37.49636452,126.7494103,공립,경기도 부천시 원미구 신상로 94
